specObjID,ra,dec,z,class
7919679010903879680,1.91320889939561E-05,-4.7607999,0.1591754,GALAXY